90105b7703c492b9d2b17d9752a94f5cb146de59f8fd05497c41c8114bd7172d	9481553	dense/fno/seed0/FINAL_MODEL.pt
0cf503c7de637499acf7393ae8c69c18350714320ad3350c4a2c2354a43acf5d	28446461	dense/fno/seed0/RESUME.pt
3b710ee45bcdf1986a40e768fdf2a070818054ed66df3d6ddd5638e2324e68dc	9481553	dense/fno/seed1/FINAL_MODEL.pt
34ad1535c27a44aae7e57db46139efb130bd74cb3ee026c415ebf8ed42abfefc	28446461	dense/fno/seed1/RESUME.pt
84babf3d5327d6b3435e8787ebaa6a64cd54a236a9bc528efd60ed9685b25bd4	9481553	dense/fno/seed2/FINAL_MODEL.pt
5f416629182dffe66bc0d1eb561b39e028153611389df509ededa4141cf059f5	28446461	dense/fno/seed2/RESUME.pt
55a9e09bc5a2c8a93166cc884bb4046beb634eac314d598e32853ed5d5cbc788	4435623	dense/unet/seed0/FINAL_MODEL.pt
78756bc79a33ae1730e4390ee7f79d2c5f3f4dc30f71f0615852b1f5166a2e10	13261119	dense/unet/seed0/RESUME.pt
f358fcaff45f05962d3e50faccd34d88168592c0dd6683389428c3f35ccafe74	4435623	dense/unet/seed1/FINAL_MODEL.pt
550c308a976a6ddad141ca0262a1129e3fa8e8b95467cbbaba400907ac402b77	13261119	dense/unet/seed1/RESUME.pt
a2d11dcfe2fad6a40c42ded80bb26beb4c8ce6ecd8698d21caa722d052d772a3	4435623	dense/unet/seed2/FINAL_MODEL.pt
2f5ba525d1986f67b76de0d088de2a3526d45b374b81129771c5408cb4979001	13261119	dense/unet/seed2/RESUME.pt
d9c1499e9ae6b362ce2ba99e839bfa2b44a001eac5a1bc7837202fad76f15304	9481553	reduced/fno/seed0/FINAL_MODEL.pt
b7e7914f09dd1d587ea1143e148be947b7d5970718dbb9cbb480dc938cbb1f4c	28446525	reduced/fno/seed0/RESUME.pt
cdb5f121ac2272154cc5e3fdfcc32069f2f31b99f733fb4e1202a2d8005ecf05	9481553	reduced/fno/seed1/FINAL_MODEL.pt
d47e04fa468382cb0896b0db948f9c32db1a8e73b184a17c4e52cd5e6cd1327a	28446525	reduced/fno/seed1/RESUME.pt
7c3472671470dc203a74125639f5eabcd3d0c265e46101d77615e3691be3f9eb	9481553	reduced/fno/seed2/FINAL_MODEL.pt
b08db515866c811d8fab1ea48791dbae37e6b2d29e1136a81be7858ec788288e	28446525	reduced/fno/seed2/RESUME.pt
ea8fd519bb066d014f40a35adaf187bc1ba0372a8ae574eeada74c1bfc8fbd8b	4435623	reduced/unet/seed0/FINAL_MODEL.pt
2022e61465eb351e9b973a2bcfebc0e74bc54a062bd41c6cbc8d3553c4b8171c	13261183	reduced/unet/seed0/RESUME.pt
3a96e3d2ae636512018df83810d150c9ee08c3e5c95c9a9bba55a5af52939a53	4435623	reduced/unet/seed1/FINAL_MODEL.pt
af2048c553731189702f552d317e9e812b73182da9ab7333486a4a92546fddbb	13261183	reduced/unet/seed1/RESUME.pt
23e1b12d1cf1eba803cb4788e5708b7b21fa9265e3039f17d8e99e6618eba9f7	4435623	reduced/unet/seed2/FINAL_MODEL.pt
503e9174a162a03baab551e17b64056d5ef9effa04bd464ba247e304718933cd	13261183	reduced/unet/seed2/RESUME.pt
